"HITId","HITTypeId","Title","Description","Keywords","Reward","CreationTime","MaxAssignments","RequesterAnnotation","AssignmentDurationInSeconds","AutoApprovalDelayInSeconds","Expiration","NumberOfSimilarHITs","LifetimeInSeconds","AssignmentId","WorkerId","AssignmentStatus","AcceptTime","SubmitTime","AutoApprovalTime","ApprovalTime","RejectionTime","RequesterFeedback","WorkTimeInSeconds","LifetimeApprovalRate","Last30DaysApprovalRate","Last7DaysApprovalRate","Answer.game-data","Approve","Reject"
"31GECDVAA38B9NGZYTAJYHBM6RU669","3N0UI6O13F0HJFRML48WV62VJ0UQQ0","Rock Paper Scissors?","Compete with our bot in a game of rock paper scissors","rock, paper, scissors, game, survey","$1.00","Sat May 11 16:30:15 PDT 2024","30","BatchId:5220853;OriginalHitTemplateId:928390912;","300","86400","Thu May 16 16:30:15 PDT 2024","","","30BXRYBRPPKSNBDFBXJTILVG1O1WHK","A2UAI621OKJA0I","Submitted","Sat May 11 16:30:18 PDT 2024","Sat May 11 16:31:35 PDT 2024","Sun May 12 16:31:35 PDT 2024","","","","77","0% (0/0)","0% (0/0)","0% (0/0)","[{""round"":1,""playerChoice"":""rock"",""aiChoice"":""paper"",""result"":""You lost round 1!""},{""round"":2,""playerChoice"":""paper"",""aiChoice"":""scissors"",""result"":""You lost round 2!""},{""round"":3,""playerChoice"":""scissors"",""aiChoice"":""rock"",""result"":""You lost round 3!""},{""round"":4,""playerChoice"":""rock"",""aiChoice"":""paper"",""result"":""You lost round 4!""},{""round"":5,""playerChoice"":""paper"",""aiChoice"":""scissors"",""result"":""You lost round 5!""},{""round"":6,""playerChoice"":""paper"",""aiChoice"":""rock"",""result"":""You won round 6!""},{""round"":7,""playerChoice"":""rock"",""aiChoice"":""paper"",""result"":""You lost round 7!""},{""round"":8,""playerChoice"":""scissors"",""aiChoice"":""scissors"",""result"":""Round 8 is a tie!""},{""round"":9,""playerChoice"":""paper"",""aiChoice"":""rock"",""result"":""You won round 9!""},{""round"":10,""playerChoice"":""rock"",""aiChoice"":""paper"",""result"":""You lost round 10!""},{""round"":11,""playerChoice"":""scissors"",""aiChoice"":""scissors"",""result"":""Round 11 is a tie!""},{""round"":12,""playerChoice"":""paper"",""aiChoice"":""paper"",""result"":""Round 12 is a tie!""}]"
"31GECDVAA38B9NGZYTAJYHBM6RU669","3N0UI6O13F0HJFRML48WV62VJ0UQQ0","Rock Paper Scissors?","Compete with our bot in a game of rock paper scissors","rock, paper, scissors, game, survey","$1.00","Sat May 11 16:30:15 PDT 2024","30","BatchId:5220853;OriginalHitTemplateId:928390912;","300","86400","Thu May 16 16:30:15 PDT 2024","","","337RC3OW0QPHUIW0C8TVOB59BW8VLG","A20ZHZNRKUX146","Submitted","Sat May 11 16:35:54 PDT 2024","Sat May 11 16:38:01 PDT 2024","Sun May 12 16:38:01 PDT 2024","","","","127","0% (0/0)","0% (0/0)","0% (0/0)","[{""round"":1,""playerChoice"":""rock"",""aiChoice"":""paper"",""result"":""You lost round 1!""},{""round"":2,""playerChoice"":""paper"",""aiChoice"":""scissors"",""result"":""You lost round 2!""},{""round"":3,""playerChoice"":""scissors"",""aiChoice"":""rock"",""result"":""You lost round 3!""},{""round"":4,""playerChoice"":""rock"",""aiChoice"":""paper"",""result"":""You lost round 4!""},{""round"":5,""playerChoice"":""rock"",""aiChoice"":""scissors"",""result"":""You won round 5!""},{""round"":6,""playerChoice"":""rock"",""aiChoice"":""rock"",""result"":""Round 6 is a tie!""},{""round"":7,""playerChoice"":""rock"",""aiChoice"":""paper"",""result"":""You lost round 7!""},{""round"":8,""playerChoice"":""paper"",""aiChoice"":""scissors"",""result"":""You lost round 8!""},{""round"":9,""playerChoice"":""rock"",""aiChoice"":""rock"",""result"":""Round 9 is a tie!""},{""round"":10,""playerChoice"":""rock"",""aiChoice"":""paper"",""result"":""You lost round 10!""},{""round"":11,""playerChoice"":""paper"",""aiChoice"":""paper"",""result"":""Round 11 is a tie!""},{""round"":12,""playerChoice"":""scissors"",""aiChoice"":""scissors"",""result"":""Round 12 is a tie!""}]"
"31GECDVAA38B9NGZYTAJYHBM6RU669","3N0UI6O13F0HJFRML48WV62VJ0UQQ0","Rock Paper Scissors?","Compete with our bot in a game of rock paper scissors","rock, paper, scissors, game, survey","$1.00","Sat May 11 16:30:15 PDT 2024","30","BatchId:5220853;OriginalHitTemplateId:928390912;","300","86400","Thu May 16 16:30:15 PDT 2024","","","33JKGHPFYXHOSV5CAT8JE7QLPYWNMT","AWN56ESLQ2616","Submitted","Sat May 11 16:30:19 PDT 2024","Sat May 11 16:32:45 PDT 2024","Sun May 12 16:32:45 PDT 2024","","","","146","0% (0/0)","0% (0/0)","0% (0/0)","[{""round"":1,""playerChoice"":""scissors"",""aiChoice"":""paper"",""result"":""You won round 1!""},{""round"":2,""playerChoice"":""paper"",""aiChoice"":""scissors"",""result"":""You lost round 2!""},{""round"":3,""playerChoice"":""rock"",""aiChoice"":""rock"",""result"":""Round 3 is a tie!""},{""round"":4,""playerChoice"":""rock"",""aiChoice"":""paper"",""result"":""You lost round 4!""},{""round"":5,""playerChoice"":""paper"",""aiChoice"":""scissors"",""result"":""You lost round 5!""},{""round"":6,""playerChoice"":""scissors"",""aiChoice"":""rock"",""result"":""You lost round 6!""},{""round"":7,""playerChoice"":""rock"",""aiChoice"":""paper"",""result"":""You lost round 7!""},{""round"":8,""playerChoice"":""paper"",""aiChoice"":""scissors"",""result"":""You lost round 8!""},{""round"":9,""playerChoice"":""scissors"",""aiChoice"":""rock"",""result"":""You lost round 9!""},{""round"":10,""playerChoice"":""rock"",""aiChoice"":""paper"",""result"":""You lost round 10!""},{""round"":11,""playerChoice"":""paper"",""aiChoice"":""paper"",""result"":""Round 11 is a tie!""},{""round"":12,""playerChoice"":""paper"",""aiChoice"":""rock"",""result"":""You won round 12!""}]"
"31GECDVAA38B9NGZYTAJYHBM6RU669","3N0UI6O13F0HJFRML48WV62VJ0UQQ0","Rock Paper Scissors?","Compete with our bot in a game of rock paper scissors","rock, paper, scissors, game, survey","$1.00","Sat May 11 16:30:15 PDT 2024","30","BatchId:5220853;OriginalHitTemplateId:928390912;","300","86400","Thu May 16 16:30:15 PDT 2024","","","34BBWHLWHVYSJ6OZHF1EIXWV11GWID","A251SR3BQU7QRP","Submitted","Sat May 11 16:35:43 PDT 2024","Sat May 11 16:40:24 PDT 2024","Sun May 12 16:40:24 PDT 2024","","","","281","0% (0/0)","0% (0/0)","0% (0/0)","[{""round"":1,""playerChoice"":""paper"",""aiChoice"":""paper"",""result"":""Round 1 is a tie!""},{""round"":2,""playerChoice"":""paper"",""aiChoice"":""scissors"",""result"":""You lost round 2!""},{""round"":3,""playerChoice"":""scissors"",""aiChoice"":""rock"",""result"":""You lost round 3!""},{""round"":4,""playerChoice"":""paper"",""aiChoice"":""paper"",""result"":""Round 4 is a tie!""},{""round"":5,""playerChoice"":""paper"",""aiChoice"":""scissors"",""result"":""You lost round 5!""},{""round"":6,""playerChoice"":""rock"",""aiChoice"":""rock"",""result"":""Round 6 is a tie!""},{""round"":7,""playerChoice"":""rock"",""aiChoice"":""paper"",""result"":""You lost round 7!""},{""round"":8,""playerChoice"":""scissors"",""aiChoice"":""scissors"",""result"":""Round 8 is a tie!""},{""round"":9,""playerChoice"":""paper"",""aiChoice"":""rock"",""result"":""You won round 9!""},{""round"":10,""playerChoice"":""paper"",""aiChoice"":""scissors"",""result"":""You lost round 10!""},{""round"":11,""playerChoice"":""paper"",""aiChoice"":""rock"",""result"":""You won round 11!""},{""round"":12,""playerChoice"":""scissors"",""aiChoice"":""scissors"",""result"":""Round 12 is a tie!""}]"
"31GECDVAA38B9NGZYTAJYHBM6RU669","3N0UI6O13F0HJFRML48WV62VJ0UQQ0","Rock Paper Scissors?","Compete with our bot in a game of rock paper scissors","rock, paper, scissors, game, survey","$1.00","Sat May 11 16:30:15 PDT 2024","30","BatchId:5220853;OriginalHitTemplateId:928390912;","300","86400","Thu May 16 16:30:15 PDT 2024","","","352YTHGROG0GE9UV1RDANTCPHV34H7","A3MINJL6LILEDT","Submitted","Sat May 11 16:30:18 PDT 2024","Sat May 11 16:33:09 PDT 2024","Sun May 12 16:33:09 PDT 2024","","","","171","0% (0/0)","0% (0/0)","0% (0/0)","[{""round"":1,""playerChoice"":""rock"",""aiChoice"":""paper"",""result"":""You lost round 1!""},{""round"":2,""playerChoice"":""paper"",""aiChoice"":""scissors"",""result"":""You lost round 2!""},{""round"":3,""playerChoice"":""paper"",""aiChoice"":""rock"",""result"":""You won round 3!""},{""round"":4,""playerChoice"":""paper"",""aiChoice"":""paper"",""result"":""Round 4 is a tie!""},{""round"":5,""playerChoice"":""scissors"",""aiChoice"":""scissors"",""result"":""Round 5 is a tie!""},{""round"":6,""playerChoice"":""paper"",""aiChoice"":""rock"",""result"":""You won round 6!""},{""round"":7,""playerChoice"":""scissors"",""aiChoice"":""paper"",""result"":""You won round 7!""},{""round"":8,""playerChoice"":""paper"",""aiChoice"":""scissors"",""result"":""You lost round 8!""},{""round"":9,""playerChoice"":""rock"",""aiChoice"":""rock"",""result"":""Round 9 is a tie!""},{""round"":10,""playerChoice"":""rock"",""aiChoice"":""rock"",""result"":""Round 10 is a tie!""},{""round"":11,""playerChoice"":""rock"",""aiChoice"":""scissors"",""result"":""You won round 11!""},{""round"":12,""playerChoice"":""rock"",""aiChoice"":""paper"",""result"":""You lost round 12!""}]"
"31GECDVAA38B9NGZYTAJYHBM6RU669","3N0UI6O13F0HJFRML48WV62VJ0UQQ0","Rock Paper Scissors?","Compete with our bot in a game of rock paper scissors","rock, paper, scissors, game, survey","$1.00","Sat May 11 16:30:15 PDT 2024","30","BatchId:5220853;OriginalHitTemplateId:928390912;","300","86400","Thu May 16 16:30:15 PDT 2024","","","36NEMU28X00EFPEQ2UZ6AQ3CIA0WMT","APV9FKQP1UESB","Submitted","Sat May 11 16:30:18 PDT 2024","Sat May 11 16:34:51 PDT 2024","Sun May 12 16:34:51 PDT 2024","","","","273","0% (0/0)","0% (0/0)","0% (0/0)","[{""round"":1,""playerChoice"":""paper"",""aiChoice"":""paper"",""result"":""Round 1 is a tie!""},{""round"":2,""playerChoice"":""scissors"",""aiChoice"":""scissors"",""result"":""Round 2 is a tie!""},{""round"":3,""playerChoice"":""paper"",""aiChoice"":""rock"",""result"":""You won round 3!""},{""round"":4,""playerChoice"":""rock"",""aiChoice"":""paper"",""result"":""You lost round 4!""},{""round"":5,""playerChoice"":""paper"",""aiChoice"":""scissors"",""result"":""You lost round 5!""},{""round"":6,""playerChoice"":""rock"",""aiChoice"":""rock"",""result"":""Round 6 is a tie!""},{""round"":7,""playerChoice"":""paper"",""aiChoice"":""paper"",""result"":""Round 7 is a tie!""},{""round"":8,""playerChoice"":""rock"",""aiChoice"":""scissors"",""result"":""You won round 8!""},{""round"":9,""playerChoice"":""paper"",""aiChoice"":""rock"",""result"":""You won round 9!""},{""round"":10,""playerChoice"":""scissors"",""aiChoice"":""scissors"",""result"":""Round 10 is a tie!""},{""round"":11,""playerChoice"":""paper"",""aiChoice"":""rock"",""result"":""You won round 11!""},{""round"":12,""playerChoice"":""rock"",""aiChoice"":""scissors"",""result"":""You won round 12!""}]"
"31GECDVAA38B9NGZYTAJYHBM6RU669","3N0UI6O13F0HJFRML48WV62VJ0UQQ0","Rock Paper Scissors?","Compete with our bot in a game of rock paper scissors","rock, paper, scissors, game, survey","$1.00","Sat May 11 16:30:15 PDT 2024","30","BatchId:5220853;OriginalHitTemplateId:928390912;","300","86400","Thu May 16 16:30:15 PDT 2024","","","39GHHAVOM0EC5FPLPRGVZ6S4UN74JC","A1NG0HXWSQVQON","Submitted","Sat May 11 16:41:02 PDT 2024","Sat May 11 16:42:08 PDT 2024","Sun May 12 16:42:08 PDT 2024","","","","66","0% (0/0)","0% (0/0)","0% (0/0)","[{""round"":1,""playerChoice"":""paper"",""aiChoice"":""paper"",""result"":""Round 1 is a tie!""},{""round"":2,""playerChoice"":""scissors"",""aiChoice"":""scissors"",""result"":""Round 2 is a tie!""},{""round"":3,""playerChoice"":""rock"",""aiChoice"":""rock"",""result"":""Round 3 is a tie!""},{""round"":4,""playerChoice"":""paper"",""aiChoice"":""paper"",""result"":""Round 4 is a tie!""},{""round"":5,""playerChoice"":""scissors"",""aiChoice"":""scissors"",""result"":""Round 5 is a tie!""},{""round"":6,""playerChoice"":""rock"",""aiChoice"":""rock"",""result"":""Round 6 is a tie!""},{""round"":7,""playerChoice"":""paper"",""aiChoice"":""paper"",""result"":""Round 7 is a tie!""},{""round"":8,""playerChoice"":""scissors"",""aiChoice"":""scissors"",""result"":""Round 8 is a tie!""},{""round"":9,""playerChoice"":""paper"",""aiChoice"":""rock"",""result"":""You won round 9!""},{""round"":10,""playerChoice"":""rock"",""aiChoice"":""scissors"",""result"":""You won round 10!""},{""round"":11,""playerChoice"":""scissors"",""aiChoice"":""scissors"",""result"":""Round 11 is a tie!""},{""round"":12,""playerChoice"":""paper"",""aiChoice"":""scissors"",""result"":""You lost round 12!""}]"
"31GECDVAA38B9NGZYTAJYHBM6RU669","3N0UI6O13F0HJFRML48WV62VJ0UQQ0","Rock Paper Scissors?","Compete with our bot in a game of rock paper scissors","rock, paper, scissors, game, survey","$1.00","Sat May 11 16:30:15 PDT 2024","30","BatchId:5220853;OriginalHitTemplateId:928390912;","300","86400","Thu May 16 16:30:15 PDT 2024","","","39GXDJN2OE1MFBCHIJKRJ6J3RW9V8U","A30WSYQ6AIL8QP","Submitted","Sat May 11 16:35:33 PDT 2024","Sat May 11 16:37:41 PDT 2024","Sun May 12 16:37:41 PDT 2024","","","","128","0% (0/0)","0% (0/0)","0% (0/0)","[{""round"":1,""playerChoice"":""paper"",""aiChoice"":""paper"",""result"":""Round 1 is a tie!""},{""round"":2,""playerChoice"":""scissors"",""aiChoice"":""scissors"",""result"":""Round 2 is a tie!""},{""round"":3,""playerChoice"":""paper"",""aiChoice"":""rock"",""result"":""You won round 3!""},{""round"":4,""playerChoice"":""rock"",""aiChoice"":""paper"",""result"":""You lost round 4!""},{""round"":5,""playerChoice"":""paper"",""aiChoice"":""scissors"",""result"":""You lost round 5!""},{""round"":6,""playerChoice"":""paper"",""aiChoice"":""rock"",""result"":""You won round 6!""},{""round"":7,""playerChoice"":""paper"",""aiChoice"":""paper"",""result"":""Round 7 is a tie!""},{""round"":8,""playerChoice"":""paper"",""aiChoice"":""scissors"",""result"":""You lost round 8!""},{""round"":9,""playerChoice"":""scissors"",""aiChoice"":""rock"",""result"":""You lost round 9!""},{""round"":10,""playerChoice"":""paper"",""aiChoice"":""rock"",""result"":""You won round 10!""},{""round"":11,""playerChoice"":""rock"",""aiChoice"":""scissors"",""result"":""You won round 11!""},{""round"":12,""playerChoice"":""scissors"",""aiChoice"":""scissors"",""result"":""Round 12 is a tie!""}]"
"31GECDVAA38B9NGZYTAJYHBM6RU669","3N0UI6O13F0HJFRML48WV62VJ0UQQ0","Rock Paper Scissors?","Compete with our bot in a game of rock paper scissors","rock, paper, scissors, game, survey","$1.00","Sat May 11 16:30:15 PDT 2024","30","BatchId:5220853;OriginalHitTemplateId:928390912;","300","86400","Thu May 16 16:30:15 PDT 2024","","","3B837J3LD9JC5OA9NXLMZ0U1IK3SRY","A1QHBC2HKSDVX","Submitted","Sat May 11 16:51:36 PDT 2024","Sat May 11 16:53:45 PDT 2024","Sun May 12 16:53:45 PDT 2024","","","","129","0% (0/0)","0% (0/0)","0% (0/0)","[{""round"":1,""playerChoice"":""rock"",""aiChoice"":""paper"",""result"":""You lost round 1!""},{""round"":2,""playerChoice"":""paper"",""aiChoice"":""scissors"",""result"":""You lost round 2!""},{""round"":3,""playerChoice"":""scissors"",""aiChoice"":""rock"",""result"":""You lost round 3!""},{""round"":4,""playerChoice"":""paper"",""aiChoice"":""paper"",""result"":""Round 4 is a tie!""},{""round"":5,""playerChoice"":""rock"",""aiChoice"":""scissors"",""result"":""You won round 5!""},{""round"":6,""playerChoice"":""paper"",""aiChoice"":""rock"",""result"":""You won round 6!""},{""round"":7,""playerChoice"":""scissors"",""aiChoice"":""paper"",""result"":""You won round 7!""},{""round"":8,""playerChoice"":""scissors"",""aiChoice"":""scissors"",""result"":""Round 8 is a tie!""},{""round"":9,""playerChoice"":""paper"",""aiChoice"":""rock"",""result"":""You won round 9!""},{""round"":10,""playerChoice"":""rock"",""aiChoice"":""scissors"",""result"":""You won round 10!""},{""round"":11,""playerChoice"":""paper"",""aiChoice"":""rock"",""result"":""You won round 11!""},{""round"":12,""playerChoice"":""scissors"",""aiChoice"":""paper"",""result"":""You won round 12!""}]"
"31GECDVAA38B9NGZYTAJYHBM6RU669","3N0UI6O13F0HJFRML48WV62VJ0UQQ0","Rock Paper Scissors?","Compete with our bot in a game of rock paper scissors","rock, paper, scissors, game, survey","$1.00","Sat May 11 16:30:15 PDT 2024","30","BatchId:5220853;OriginalHitTemplateId:928390912;","300","86400","Thu May 16 16:30:15 PDT 2024","","","3BEFOD78WRG26NV6SOTNFYKLYH24MG","A3QHAONKQY4W01","Submitted","Sat May 11 16:40:50 PDT 2024","Sat May 11 16:44:18 PDT 2024","Sun May 12 16:44:18 PDT 2024","","","","208","0% (0/0)","0% (0/0)","0% (0/0)","[{""round"":1,""playerChoice"":""rock"",""aiChoice"":""paper"",""result"":""You lost round 1!""},{""round"":2,""playerChoice"":""scissors"",""aiChoice"":""scissors"",""result"":""Round 2 is a tie!""},{""round"":3,""playerChoice"":""paper"",""aiChoice"":""rock"",""result"":""You won round 3!""},{""round"":4,""playerChoice"":""scissors"",""aiChoice"":""paper"",""result"":""You won round 4!""},{""round"":5,""playerChoice"":""rock"",""aiChoice"":""scissors"",""result"":""You won round 5!""},{""round"":6,""playerChoice"":""paper"",""aiChoice"":""rock"",""result"":""You won round 6!""},{""round"":7,""playerChoice"":""scissors"",""aiChoice"":""paper"",""result"":""You won round 7!""},{""round"":8,""playerChoice"":""paper"",""aiChoice"":""scissors"",""result"":""You lost round 8!""},{""round"":9,""playerChoice"":""rock"",""aiChoice"":""rock"",""result"":""Round 9 is a tie!""},{""round"":10,""playerChoice"":""paper"",""aiChoice"":""rock"",""result"":""You won round 10!""},{""round"":11,""playerChoice"":""scissors"",""aiChoice"":""paper"",""result"":""You won round 11!""},{""round"":12,""playerChoice"":""paper"",""aiChoice"":""rock"",""result"":""You won round 12!""}]"
"31GECDVAA38B9NGZYTAJYHBM6RU669","3N0UI6O13F0HJFRML48WV62VJ0UQQ0","Rock Paper Scissors?","Compete with our bot in a game of rock paper scissors","rock, paper, scissors, game, survey","$1.00","Sat May 11 16:30:15 PDT 2024","30","BatchId:5220853;OriginalHitTemplateId:928390912;","300","86400","Thu May 16 16:30:15 PDT 2024","","","3DQQ64TAN18K0SB3UARYRUX7NFBWPP","A1UX1T9YOBYSIA","Submitted","Sat May 11 16:30:18 PDT 2024","Sat May 11 16:32:51 PDT 2024","Sun May 12 16:32:51 PDT 2024","","","","153","0% (0/0)","0% (0/0)","0% (0/0)","[{""round"":1,""playerChoice"":""paper"",""aiChoice"":""paper"",""result"":""Round 1 is a tie!""},{""round"":2,""playerChoice"":""rock"",""aiChoice"":""scissors"",""result"":""You won round 2!""},{""round"":3,""playerChoice"":""paper"",""aiChoice"":""rock"",""result"":""You won round 3!""},{""round"":4,""playerChoice"":""scissors"",""aiChoice"":""paper"",""result"":""You won round 4!""},{""round"":5,""playerChoice"":""paper"",""aiChoice"":""scissors"",""result"":""You lost round 5!""},{""round"":6,""playerChoice"":""scissors"",""aiChoice"":""rock"",""result"":""You lost round 6!""},{""round"":7,""playerChoice"":""scissors"",""aiChoice"":""paper"",""result"":""You won round 7!""},{""round"":8,""playerChoice"":""scissors"",""aiChoice"":""scissors"",""result"":""Round 8 is a tie!""},{""round"":9,""playerChoice"":""scissors"",""aiChoice"":""rock"",""result"":""You lost round 9!""},{""round"":10,""playerChoice"":""rock"",""aiChoice"":""paper"",""result"":""You lost round 10!""},{""round"":11,""playerChoice"":""paper"",""aiChoice"":""rock"",""result"":""You won round 11!""},{""round"":12,""playerChoice"":""rock"",""aiChoice"":""scissors"",""result"":""You won round 12!""}]"
"31GECDVAA38B9NGZYTAJYHBM6RU669","3N0UI6O13F0HJFRML48WV62VJ0UQQ0","Rock Paper Scissors?","Compete with our bot in a game of rock paper scissors","rock, paper, scissors, game, survey","$1.00","Sat May 11 16:30:15 PDT 2024","30","BatchId:5220853;OriginalHitTemplateId:928390912;","300","86400","Thu May 16 16:30:15 PDT 2024","","","3EWIJTFFV9UNVBLSSPI2QNPZ83V0E7","AB6BAL63A1XKX","Submitted","Sat May 11 16:51:36 PDT 2024","Sat May 11 16:52:24 PDT 2024","Sun May 12 16:52:24 PDT 2024","","","","48","0% (0/0)","0% (0/0)","0% (0/0)","[{""round"":1,""playerChoice"":""rock"",""aiChoice"":""paper"",""result"":""You lost round 1!""},{""round"":2,""playerChoice"":""paper"",""aiChoice"":""scissors"",""result"":""You lost round 2!""},{""round"":3,""playerChoice"":""scissors"",""aiChoice"":""rock"",""result"":""You lost round 3!""},{""round"":4,""playerChoice"":""scissors"",""aiChoice"":""paper"",""result"":""You won round 4!""},{""round"":5,""playerChoice"":""scissors"",""aiChoice"":""scissors"",""result"":""Round 5 is a tie!""},{""round"":6,""playerChoice"":""scissors"",""aiChoice"":""rock"",""result"":""You lost round 6!""},{""round"":7,""playerChoice"":""paper"",""aiChoice"":""paper"",""result"":""Round 7 is a tie!""},{""round"":8,""playerChoice"":""scissors"",""aiChoice"":""scissors"",""result"":""Round 8 is a tie!""},{""round"":9,""playerChoice"":""paper"",""aiChoice"":""rock"",""result"":""You won round 9!""},{""round"":10,""playerChoice"":""rock"",""aiChoice"":""scissors"",""result"":""You won round 10!""},{""round"":11,""playerChoice"":""rock"",""aiChoice"":""paper"",""result"":""You lost round 11!""},{""round"":12,""playerChoice"":""rock"",""aiChoice"":""scissors"",""result"":""You won round 12!""}]"
"31GECDVAA38B9NGZYTAJYHBM6RU669","3N0UI6O13F0HJFRML48WV62VJ0UQQ0","Rock Paper Scissors?","Compete with our bot in a game of rock paper scissors","rock, paper, scissors, game, survey","$1.00","Sat May 11 16:30:15 PDT 2024","30","BatchId:5220853;OriginalHitTemplateId:928390912;","300","86400","Thu May 16 16:30:15 PDT 2024","","","3GS6S824SBKKX7ZQEVE6N5SCN0AWNT","A2ZAJK5G9SR1C2","Submitted","Sat May 11 16:51:36 PDT 2024","Sat May 11 16:52:24 PDT 2024","Sun May 12 16:52:24 PDT 2024","","","","48","0% (0/0)","0% (0/0)","0% (0/0)","[{""round"":1,""playerChoice"":""paper"",""aiChoice"":""paper"",""result"":""Round 1 is a tie!""},{""round"":2,""playerChoice"":""rock"",""aiChoice"":""scissors"",""result"":""You won round 2!""},{""round"":3,""playerChoice"":""paper"",""aiChoice"":""rock"",""result"":""You won round 3!""},{""round"":4,""playerChoice"":""scissors"",""aiChoice"":""paper"",""result"":""You won round 4!""},{""round"":5,""playerChoice"":""rock"",""aiChoice"":""scissors"",""result"":""You won round 5!""},{""round"":6,""playerChoice"":""paper"",""aiChoice"":""rock"",""result"":""You won round 6!""},{""round"":7,""playerChoice"":""rock"",""aiChoice"":""paper"",""result"":""You lost round 7!""},{""round"":8,""playerChoice"":""scissors"",""aiChoice"":""scissors"",""result"":""Round 8 is a tie!""},{""round"":9,""playerChoice"":""paper"",""aiChoice"":""rock"",""result"":""You won round 9!""},{""round"":10,""playerChoice"":""paper"",""aiChoice"":""rock"",""result"":""You won round 10!""},{""round"":11,""playerChoice"":""scissors"",""aiChoice"":""scissors"",""result"":""Round 11 is a tie!""},{""round"":12,""playerChoice"":""rock"",""aiChoice"":""scissors"",""result"":""You won round 12!""}]"
"31GECDVAA38B9NGZYTAJYHBM6RU669","3N0UI6O13F0HJFRML48WV62VJ0UQQ0","Rock Paper Scissors?","Compete with our bot in a game of rock paper scissors","rock, paper, scissors, game, survey","$1.00","Sat May 11 16:30:15 PDT 2024","30","BatchId:5220853;OriginalHitTemplateId:928390912;","300","86400","Thu May 16 16:30:15 PDT 2024","","","3H7XDTSHKXEENFI4RR1BXLJFMOOWGL","A1GMWF04URJMID","Submitted","Sat May 11 16:41:02 PDT 2024","Sat May 11 16:42:17 PDT 2024","Sun May 12 16:42:17 PDT 2024","","","","75","0% (0/0)","0% (0/0)","0% (0/0)","[{""round"":1,""playerChoice"":""paper"",""aiChoice"":""paper"",""result"":""Round 1 is a tie!""},{""round"":2,""playerChoice"":""scissors"",""aiChoice"":""scissors"",""result"":""Round 2 is a tie!""},{""round"":3,""playerChoice"":""paper"",""aiChoice"":""rock"",""result"":""You won round 3!""},{""round"":4,""playerChoice"":""paper"",""aiChoice"":""paper"",""result"":""Round 4 is a tie!""},{""round"":5,""playerChoice"":""paper"",""aiChoice"":""scissors"",""result"":""You lost round 5!""},{""round"":6,""playerChoice"":""paper"",""aiChoice"":""rock"",""result"":""You won round 6!""},{""round"":7,""playerChoice"":""scissors"",""aiChoice"":""paper"",""result"":""You won round 7!""},{""round"":8,""playerChoice"":""paper"",""aiChoice"":""scissors"",""result"":""You lost round 8!""},{""round"":9,""playerChoice"":""scissors"",""aiChoice"":""rock"",""result"":""You lost round 9!""},{""round"":10,""playerChoice"":""rock"",""aiChoice"":""rock"",""result"":""Round 10 is a tie!""},{""round"":11,""playerChoice"":""paper"",""aiChoice"":""rock"",""result"":""You won round 11!""},{""round"":12,""playerChoice"":""scissors"",""aiChoice"":""paper"",""result"":""You won round 12!""}]"
"31GECDVAA38B9NGZYTAJYHBM6RU669","3N0UI6O13F0HJFRML48WV62VJ0UQQ0","Rock Paper Scissors?","Compete with our bot in a game of rock paper scissors","rock, paper, scissors, game, survey","$1.00","Sat May 11 16:30:15 PDT 2024","30","BatchId:5220853;OriginalHitTemplateId:928390912;","300","86400","Thu May 16 16:30:15 PDT 2024","","","3II4UPYCO4U6RYCRDS1XZBYWLVRQD1","A9C9LLR9YGIS6","Submitted","Sat May 11 16:49:13 PDT 2024","Sat May 11 16:50:22 PDT 2024","Sun May 12 16:50:22 PDT 2024","","","","69","0% (0/0)","0% (0/0)","0% (0/0)","[{""round"":1,""playerChoice"":""paper"",""aiChoice"":""paper"",""result"":""Round 1 is a tie!""},{""round"":2,""playerChoice"":""rock"",""aiChoice"":""scissors"",""result"":""You won round 2!""},{""round"":3,""playerChoice"":""paper"",""aiChoice"":""rock"",""result"":""You won round 3!""},{""round"":4,""playerChoice"":""paper"",""aiChoice"":""paper"",""result"":""Round 4 is a tie!""},{""round"":5,""playerChoice"":""scissors"",""aiChoice"":""scissors"",""result"":""Round 5 is a tie!""},{""round"":6,""playerChoice"":""rock"",""aiChoice"":""rock"",""result"":""Round 6 is a tie!""},{""round"":7,""playerChoice"":""paper"",""aiChoice"":""paper"",""result"":""Round 7 is a tie!""},{""round"":8,""playerChoice"":""scissors"",""aiChoice"":""scissors"",""result"":""Round 8 is a tie!""},{""round"":9,""playerChoice"":""rock"",""aiChoice"":""rock"",""result"":""Round 9 is a tie!""},{""round"":10,""playerChoice"":""paper"",""aiChoice"":""scissors"",""result"":""You lost round 10!""},{""round"":11,""playerChoice"":""scissors"",""aiChoice"":""paper"",""result"":""You won round 11!""},{""round"":12,""playerChoice"":""rock"",""aiChoice"":""paper"",""result"":""You lost round 12!""}]"
"31GECDVAA38B9NGZYTAJYHBM6RU669","3N0UI6O13F0HJFRML48WV62VJ0UQQ0","Rock Paper Scissors?","Compete with our bot in a game of rock paper scissors","rock, paper, scissors, game, survey","$1.00","Sat May 11 16:30:15 PDT 2024","30","BatchId:5220853;OriginalHitTemplateId:928390912;","300","86400","Thu May 16 16:30:15 PDT 2024","","","3IUZPWIU19UJP1ENHIMQVDB8T55WKO","A1EUMT73IXVC6S","Submitted","Sat May 11 16:40:50 PDT 2024","Sat May 11 16:41:33 PDT 2024","Sun May 12 16:41:33 PDT 2024","","","","43","0% (0/0)","0% (0/0)","0% (0/0)","[{""round"":1,""playerChoice"":""rock"",""aiChoice"":""paper"",""result"":""You lost round 1!""},{""round"":2,""playerChoice"":""rock"",""aiChoice"":""scissors"",""result"":""You won round 2!""},{""round"":3,""playerChoice"":""paper"",""aiChoice"":""rock"",""result"":""You won round 3!""},{""round"":4,""playerChoice"":""scissors"",""aiChoice"":""paper"",""result"":""You won round 4!""},{""round"":5,""playerChoice"":""rock"",""aiChoice"":""scissors"",""result"":""You won round 5!""},{""round"":6,""playerChoice"":""paper"",""aiChoice"":""rock"",""result"":""You won round 6!""},{""round"":7,""playerChoice"":""scissors"",""aiChoice"":""paper"",""result"":""You won round 7!""},{""round"":8,""playerChoice"":""rock"",""aiChoice"":""scissors"",""result"":""You won round 8!""},{""round"":9,""playerChoice"":""rock"",""aiChoice"":""rock"",""result"":""Round 9 is a tie!""},{""round"":10,""playerChoice"":""rock"",""aiChoice"":""paper"",""result"":""You lost round 10!""},{""round"":11,""playerChoice"":""paper"",""aiChoice"":""scissors"",""result"":""You lost round 11!""},{""round"":12,""playerChoice"":""rock"",""aiChoice"":""scissors"",""result"":""You won round 12!""}]"
"31GECDVAA38B9NGZYTAJYHBM6RU669","3N0UI6O13F0HJFRML48WV62VJ0UQQ0","Rock Paper Scissors?","Compete with our bot in a game of rock paper scissors","rock, paper, scissors, game, survey","$1.00","Sat May 11 16:30:15 PDT 2024","30","BatchId:5220853;OriginalHitTemplateId:928390912;","300","86400","Thu May 16 16:30:15 PDT 2024","","","3JC6VJ2SAW6J05QH9QMSBZVZ4W85A2","A37XJVQF62ZYC","Submitted","Sat May 11 16:35:33 PDT 2024","Sat May 11 16:36:30 PDT 2024","Sun May 12 16:36:30 PDT 2024","","","","57","0% (0/0)","0% (0/0)","0% (0/0)","[{""round"":1,""playerChoice"":""rock"",""aiChoice"":""paper"",""result"":""You lost round 1!""},{""round"":2,""playerChoice"":""rock"",""aiChoice"":""scissors"",""result"":""You won round 2!""},{""round"":3,""playerChoice"":""rock"",""aiChoice"":""rock"",""result"":""Round 3 is a tie!""},{""round"":4,""playerChoice"":""rock"",""aiChoice"":""paper"",""result"":""You lost round 4!""},{""round"":5,""playerChoice"":""rock"",""aiChoice"":""scissors"",""result"":""You won round 5!""},{""round"":6,""playerChoice"":""rock"",""aiChoice"":""rock"",""result"":""Round 6 is a tie!""},{""round"":7,""playerChoice"":""rock"",""aiChoice"":""paper"",""result"":""You lost round 7!""},{""round"":8,""playerChoice"":""rock"",""aiChoice"":""scissors"",""result"":""You won round 8!""},{""round"":9,""playerChoice"":""rock"",""aiChoice"":""rock"",""result"":""Round 9 is a tie!""},{""round"":10,""playerChoice"":""rock"",""aiChoice"":""paper"",""result"":""You lost round 10!""},{""round"":11,""playerChoice"":""rock"",""aiChoice"":""scissors"",""result"":""You won round 11!""},{""round"":12,""playerChoice"":""rock"",""aiChoice"":""rock"",""result"":""Round 12 is a tie!""}]"
"31GECDVAA38B9NGZYTAJYHBM6RU669","3N0UI6O13F0HJFRML48WV62VJ0UQQ0","Rock Paper Scissors?","Compete with our bot in a game of rock paper scissors","rock, paper, scissors, game, survey","$1.00","Sat May 11 16:30:15 PDT 2024","30","BatchId:5220853;OriginalHitTemplateId:928390912;","300","86400","Thu May 16 16:30:15 PDT 2024","","","3JW0YLFXRE3AK1846W5TJO53GCEWWK","A2BA4GD1AW0AIP","Submitted","Sat May 11 16:36:45 PDT 2024","Sat May 11 16:37:52 PDT 2024","Sun May 12 16:37:52 PDT 2024","","","","67","0% (0/0)","0% (0/0)","0% (0/0)","[{""round"":1,""playerChoice"":""paper"",""aiChoice"":""paper"",""result"":""Round 1 is a tie!""},{""round"":2,""playerChoice"":""scissors"",""aiChoice"":""scissors"",""result"":""Round 2 is a tie!""},{""round"":3,""playerChoice"":""rock"",""aiChoice"":""rock"",""result"":""Round 3 is a tie!""},{""round"":4,""playerChoice"":""paper"",""aiChoice"":""paper"",""result"":""Round 4 is a tie!""},{""round"":5,""playerChoice"":""scissors"",""aiChoice"":""scissors"",""result"":""Round 5 is a tie!""},{""round"":6,""playerChoice"":""rock"",""aiChoice"":""rock"",""result"":""Round 6 is a tie!""},{""round"":7,""playerChoice"":""paper"",""aiChoice"":""paper"",""result"":""Round 7 is a tie!""},{""round"":8,""playerChoice"":""paper"",""aiChoice"":""scissors"",""result"":""You lost round 8!""},{""round"":9,""playerChoice"":""scissors"",""aiChoice"":""rock"",""result"":""You lost round 9!""},{""round"":10,""playerChoice"":""rock"",""aiChoice"":""scissors"",""result"":""You won round 10!""},{""round"":11,""playerChoice"":""rock"",""aiChoice"":""paper"",""result"":""You lost round 11!""},{""round"":12,""playerChoice"":""paper"",""aiChoice"":""scissors"",""result"":""You lost round 12!""}]"
"31GECDVAA38B9NGZYTAJYHBM6RU669","3N0UI6O13F0HJFRML48WV62VJ0UQQ0","Rock Paper Scissors?","Compete with our bot in a game of rock paper scissors","rock, paper, scissors, game, survey","$1.00","Sat May 11 16:30:15 PDT 2024","30","BatchId:5220853;OriginalHitTemplateId:928390912;","300","86400","Thu May 16 16:30:15 PDT 2024","","","3LKC68YZ3VQ2FSZ2FAEJ2USHDAFWO8","A37U2KQJ5JBX1U","Submitted","Sat May 11 16:30:18 PDT 2024","Sat May 11 16:32:34 PDT 2024","Sun May 12 16:32:34 PDT 2024","","","","136","0% (0/0)","0% (0/0)","0% (0/0)","[{""round"":1,""playerChoice"":""paper"",""aiChoice"":""paper"",""result"":""Round 1 is a tie!""},{""round"":2,""playerChoice"":""scissors"",""aiChoice"":""scissors"",""result"":""Round 2 is a tie!""},{""round"":3,""playerChoice"":""paper"",""aiChoice"":""rock"",""result"":""You won round 3!""},{""round"":4,""playerChoice"":""rock"",""aiChoice"":""paper"",""result"":""You lost round 4!""},{""round"":5,""playerChoice"":""paper"",""aiChoice"":""scissors"",""result"":""You lost round 5!""},{""round"":6,""playerChoice"":""rock"",""aiChoice"":""rock"",""result"":""Round 6 is a tie!""},{""round"":7,""playerChoice"":""scissors"",""aiChoice"":""paper"",""result"":""You won round 7!""},{""round"":8,""playerChoice"":""paper"",""aiChoice"":""scissors"",""result"":""You lost round 8!""},{""round"":9,""playerChoice"":""paper"",""aiChoice"":""rock"",""result"":""You won round 9!""},{""round"":10,""playerChoice"":""scissors"",""aiChoice"":""paper"",""result"":""You won round 10!""},{""round"":11,""playerChoice"":""rock"",""aiChoice"":""rock"",""result"":""Round 11 is a tie!""},{""round"":12,""playerChoice"":""rock"",""aiChoice"":""rock"",""result"":""Round 12 is a tie!""}]"
"31GECDVAA38B9NGZYTAJYHBM6RU669","3N0UI6O13F0HJFRML48WV62VJ0UQQ0","Rock Paper Scissors?","Compete with our bot in a game of rock paper scissors","rock, paper, scissors, game, survey","$1.00","Sat May 11 16:30:15 PDT 2024","30","BatchId:5220853;OriginalHitTemplateId:928390912;","300","86400","Thu May 16 16:30:15 PDT 2024","","","3LOZAJ85YY03XLFN2HC8X03LL7Q2X2","AW41KYAW3E1I8","Submitted","Sat May 11 16:46:13 PDT 2024","Sat May 11 16:47:09 PDT 2024","Sun May 12 16:47:09 PDT 2024","","","","56","0% (0/0)","0% (0/0)","0% (0/0)","[{""round"":1,""playerChoice"":""scissors"",""aiChoice"":""paper"",""result"":""You won round 1!""},{""round"":2,""playerChoice"":""rock"",""aiChoice"":""scissors"",""result"":""You won round 2!""},{""round"":3,""playerChoice"":""paper"",""aiChoice"":""rock"",""result"":""You won round 3!""},{""round"":4,""playerChoice"":""scissors"",""aiChoice"":""paper"",""result"":""You won round 4!""},{""round"":5,""playerChoice"":""rock"",""aiChoice"":""scissors"",""result"":""You won round 5!""},{""round"":6,""playerChoice"":""paper"",""aiChoice"":""rock"",""result"":""You won round 6!""},{""round"":7,""playerChoice"":""scissors"",""aiChoice"":""paper"",""result"":""You won round 7!""},{""round"":8,""playerChoice"":""rock"",""aiChoice"":""scissors"",""result"":""You won round 8!""},{""round"":9,""playerChoice"":""paper"",""aiChoice"":""rock"",""result"":""You won round 9!""},{""round"":10,""playerChoice"":""scissors"",""aiChoice"":""paper"",""result"":""You won round 10!""},{""round"":11,""playerChoice"":""paper"",""aiChoice"":""scissors"",""result"":""You lost round 11!""},{""round"":12,""playerChoice"":""scissors"",""aiChoice"":""scissors"",""result"":""Round 12 is a tie!""}]"
"31GECDVAA38B9NGZYTAJYHBM6RU669","3N0UI6O13F0HJFRML48WV62VJ0UQQ0","Rock Paper Scissors?","Compete with our bot in a game of rock paper scissors","rock, paper, scissors, game, survey","$1.00","Sat May 11 16:30:15 PDT 2024","30","BatchId:5220853;OriginalHitTemplateId:928390912;","300","86400","Thu May 16 16:30:15 PDT 2024","","","3NL0RFNU00A7GZV37CG70LSH9C74KB","A1HRYWAFL1ZC5I","Submitted","Sat May 11 16:35:33 PDT 2024","Sat May 11 16:37:21 PDT 2024","Sun May 12 16:37:21 PDT 2024","","","","108","0% (0/0)","0% (0/0)","0% (0/0)","[{""round"":1,""playerChoice"":""paper"",""aiChoice"":""paper"",""result"":""Round 1 is a tie!""},{""round"":2,""playerChoice"":""scissors"",""aiChoice"":""scissors"",""result"":""Round 2 is a tie!""},{""round"":3,""playerChoice"":""paper"",""aiChoice"":""rock"",""result"":""You won round 3!""},{""round"":4,""playerChoice"":""rock"",""aiChoice"":""paper"",""result"":""You lost round 4!""},{""round"":5,""playerChoice"":""paper"",""aiChoice"":""scissors"",""result"":""You lost round 5!""},{""round"":6,""playerChoice"":""rock"",""aiChoice"":""rock"",""result"":""Round 6 is a tie!""},{""round"":7,""playerChoice"":""paper"",""aiChoice"":""paper"",""result"":""Round 7 is a tie!""},{""round"":8,""playerChoice"":""rock"",""aiChoice"":""scissors"",""result"":""You won round 8!""},{""round"":9,""playerChoice"":""rock"",""aiChoice"":""rock"",""result"":""Round 9 is a tie!""},{""round"":10,""playerChoice"":""rock"",""aiChoice"":""paper"",""result"":""You lost round 10!""},{""round"":11,""playerChoice"":""scissors"",""aiChoice"":""scissors"",""result"":""Round 11 is a tie!""},{""round"":12,""playerChoice"":""rock"",""aiChoice"":""scissors"",""result"":""You won round 12!""}]"
"31GECDVAA38B9NGZYTAJYHBM6RU669","3N0UI6O13F0HJFRML48WV62VJ0UQQ0","Rock Paper Scissors?","Compete with our bot in a game of rock paper scissors","rock, paper, scissors, game, survey","$1.00","Sat May 11 16:30:15 PDT 2024","30","BatchId:5220853;OriginalHitTemplateId:928390912;","300","86400","Thu May 16 16:30:15 PDT 2024","","","3TVSS0C0EMNISK4ABR0IW4Y4CIWWTU","A1E44L7S43PH90","Submitted","Sat May 11 16:30:18 PDT 2024","Sat May 11 16:30:57 PDT 2024","Sun May 12 16:30:57 PDT 2024","","","","39","0% (0/0)","0% (0/0)","0% (0/0)","[{""round"":1,""playerChoice"":""rock"",""aiChoice"":""paper"",""result"":""You lost round 1!""},{""round"":2,""playerChoice"":""paper"",""aiChoice"":""scissors"",""result"":""You lost round 2!""},{""round"":3,""playerChoice"":""scissors"",""aiChoice"":""rock"",""result"":""You lost round 3!""},{""round"":4,""playerChoice"":""rock"",""aiChoice"":""paper"",""result"":""You lost round 4!""},{""round"":5,""playerChoice"":""paper"",""aiChoice"":""scissors"",""result"":""You lost round 5!""},{""round"":6,""playerChoice"":""scissors"",""aiChoice"":""rock"",""result"":""You lost round 6!""},{""round"":7,""playerChoice"":""paper"",""aiChoice"":""paper"",""result"":""Round 7 is a tie!""},{""round"":8,""playerChoice"":""rock"",""aiChoice"":""scissors"",""result"":""You won round 8!""},{""round"":9,""playerChoice"":""paper"",""aiChoice"":""rock"",""result"":""You won round 9!""},{""round"":10,""playerChoice"":""scissors"",""aiChoice"":""paper"",""result"":""You won round 10!""},{""round"":11,""playerChoice"":""rock"",""aiChoice"":""paper"",""result"":""You lost round 11!""},{""round"":12,""playerChoice"":""scissors"",""aiChoice"":""scissors"",""result"":""Round 12 is a tie!""}]"
"31GECDVAA38B9NGZYTAJYHBM6RU669","3N0UI6O13F0HJFRML48WV62VJ0UQQ0","Rock Paper Scissors?","Compete with our bot in a game of rock paper scissors","rock, paper, scissors, game, survey","$1.00","Sat May 11 16:30:15 PDT 2024","30","BatchId:5220853;OriginalHitTemplateId:928390912;","300","86400","Thu May 16 16:30:15 PDT 2024","","","3U0SRXB7CYSFPBI4F14006KVVLVRNL","A1B1OADBQ786KJ","Submitted","Sat May 11 16:35:43 PDT 2024","Sat May 11 16:36:53 PDT 2024","Sun May 12 16:36:53 PDT 2024","","","","70","0% (0/0)","0% (0/0)","0% (0/0)","[{""round"":1,""playerChoice"":""rock"",""aiChoice"":""paper"",""result"":""You lost round 1!""},{""round"":2,""playerChoice"":""rock"",""aiChoice"":""scissors"",""result"":""You won round 2!""},{""round"":3,""playerChoice"":""paper"",""aiChoice"":""rock"",""result"":""You won round 3!""},{""round"":4,""playerChoice"":""scissors"",""aiChoice"":""paper"",""result"":""You won round 4!""},{""round"":5,""playerChoice"":""paper"",""aiChoice"":""scissors"",""result"":""You lost round 5!""},{""round"":6,""playerChoice"":""scissors"",""aiChoice"":""rock"",""result"":""You lost round 6!""},{""round"":7,""playerChoice"":""rock"",""aiChoice"":""paper"",""result"":""You lost round 7!""},{""round"":8,""playerChoice"":""paper"",""aiChoice"":""scissors"",""result"":""You lost round 8!""},{""round"":9,""playerChoice"":""rock"",""aiChoice"":""rock"",""result"":""Round 9 is a tie!""},{""round"":10,""playerChoice"":""rock"",""aiChoice"":""rock"",""result"":""Round 10 is a tie!""},{""round"":11,""playerChoice"":""scissors"",""aiChoice"":""rock"",""result"":""You lost round 11!""},{""round"":12,""playerChoice"":""scissors"",""aiChoice"":""rock"",""result"":""You lost round 12!""}]"
"31GECDVAA38B9NGZYTAJYHBM6RU669","3N0UI6O13F0HJFRML48WV62VJ0UQQ0","Rock Paper Scissors?","Compete with our bot in a game of rock paper scissors","rock, paper, scissors, game, survey","$1.00","Sat May 11 16:30:15 PDT 2024","30","BatchId:5220853;OriginalHitTemplateId:928390912;","300","86400","Thu May 16 16:30:15 PDT 2024","","","3U4J9857OZY36J9S3X1L4UT1DKO7BE","A38C4EZFOP7JRZ","Submitted","Sat May 11 16:30:18 PDT 2024","Sat May 11 16:32:10 PDT 2024","Sun May 12 16:32:10 PDT 2024","","","","112","0% (0/0)","0% (0/0)","0% (0/0)","[{""round"":1,""playerChoice"":""scissors"",""aiChoice"":""paper"",""result"":""You won round 1!""},{""round"":2,""playerChoice"":""paper"",""aiChoice"":""scissors"",""result"":""You lost round 2!""},{""round"":3,""playerChoice"":""scissors"",""aiChoice"":""rock"",""result"":""You lost round 3!""},{""round"":4,""playerChoice"":""scissors"",""aiChoice"":""paper"",""result"":""You won round 4!""},{""round"":5,""playerChoice"":""paper"",""aiChoice"":""scissors"",""result"":""You lost round 5!""},{""round"":6,""playerChoice"":""paper"",""aiChoice"":""rock"",""result"":""You won round 6!""},{""round"":7,""playerChoice"":""paper"",""aiChoice"":""paper"",""result"":""Round 7 is a tie!""},{""round"":8,""playerChoice"":""paper"",""aiChoice"":""scissors"",""result"":""You lost round 8!""},{""round"":9,""playerChoice"":""scissors"",""aiChoice"":""rock"",""result"":""You lost round 9!""},{""round"":10,""playerChoice"":""scissors"",""aiChoice"":""scissors"",""result"":""Round 10 is a tie!""},{""round"":11,""playerChoice"":""scissors"",""aiChoice"":""scissors"",""result"":""Round 11 is a tie!""},{""round"":12,""playerChoice"":""scissors"",""aiChoice"":""scissors"",""result"":""Round 12 is a tie!""}]"
"31GECDVAA38B9NGZYTAJYHBM6RU669","3N0UI6O13F0HJFRML48WV62VJ0UQQ0","Rock Paper Scissors?","Compete with our bot in a game of rock paper scissors","rock, paper, scissors, game, survey","$1.00","Sat May 11 16:30:15 PDT 2024","30","BatchId:5220853;OriginalHitTemplateId:928390912;","300","86400","Thu May 16 16:30:15 PDT 2024","","","3V0Z7YWSIJNBTWAS22BQ9F605WI2VZ","A2S701X5R55GK2","Submitted","Sat May 11 16:41:02 PDT 2024","Sat May 11 16:42:09 PDT 2024","Sun May 12 16:42:09 PDT 2024","","","","67","0% (0/0)","0% (0/0)","0% (0/0)","[{""round"":1,""playerChoice"":""paper"",""aiChoice"":""paper"",""result"":""Round 1 is a tie!""},{""round"":2,""playerChoice"":""scissors"",""aiChoice"":""scissors"",""result"":""Round 2 is a tie!""},{""round"":3,""playerChoice"":""paper"",""aiChoice"":""rock"",""result"":""You won round 3!""},{""round"":4,""playerChoice"":""rock"",""aiChoice"":""paper"",""result"":""You lost round 4!""},{""round"":5,""playerChoice"":""paper"",""aiChoice"":""scissors"",""result"":""You lost round 5!""},{""round"":6,""playerChoice"":""scissors"",""aiChoice"":""rock"",""result"":""You lost round 6!""},{""round"":7,""playerChoice"":""rock"",""aiChoice"":""paper"",""result"":""You lost round 7!""},{""round"":8,""playerChoice"":""rock"",""aiChoice"":""scissors"",""result"":""You won round 8!""},{""round"":9,""playerChoice"":""rock"",""aiChoice"":""rock"",""result"":""Round 9 is a tie!""},{""round"":10,""playerChoice"":""scissors"",""aiChoice"":""paper"",""result"":""You won round 10!""},{""round"":11,""playerChoice"":""paper"",""aiChoice"":""rock"",""result"":""You won round 11!""},{""round"":12,""playerChoice"":""rock"",""aiChoice"":""rock"",""result"":""Round 12 is a tie!""}]"
"31GECDVAA38B9NGZYTAJYHBM6RU669","3N0UI6O13F0HJFRML48WV62VJ0UQQ0","Rock Paper Scissors?","Compete with our bot in a game of rock paper scissors","rock, paper, scissors, game, survey","$1.00","Sat May 11 16:30:15 PDT 2024","30","BatchId:5220853;OriginalHitTemplateId:928390912;","300","86400","Thu May 16 16:30:15 PDT 2024","","","3VD82FOHKBBT1UTXYJEIQ0LELUXCOF","A1E2I83UJ3ZEJU","Submitted","Sat May 11 16:35:33 PDT 2024","Sat May 11 16:37:19 PDT 2024","Sun May 12 16:37:19 PDT 2024","","","","106","0% (0/0)","0% (0/0)","0% (0/0)","[{""round"":1,""playerChoice"":""rock"",""aiChoice"":""paper"",""result"":""You lost round 1!""},{""round"":2,""playerChoice"":""paper"",""aiChoice"":""scissors"",""result"":""You lost round 2!""},{""round"":3,""playerChoice"":""rock"",""aiChoice"":""rock"",""result"":""Round 3 is a tie!""},{""round"":4,""playerChoice"":""scissors"",""aiChoice"":""paper"",""result"":""You won round 4!""},{""round"":5,""playerChoice"":""rock"",""aiChoice"":""scissors"",""result"":""You won round 5!""},{""round"":6,""playerChoice"":""scissors"",""aiChoice"":""rock"",""result"":""You lost round 6!""},{""round"":7,""playerChoice"":""paper"",""aiChoice"":""paper"",""result"":""Round 7 is a tie!""},{""round"":8,""playerChoice"":""rock"",""aiChoice"":""scissors"",""result"":""You won round 8!""},{""round"":9,""playerChoice"":""rock"",""aiChoice"":""rock"",""result"":""Round 9 is a tie!""},{""round"":10,""playerChoice"":""paper"",""aiChoice"":""scissors"",""result"":""You lost round 10!""},{""round"":11,""playerChoice"":""scissors"",""aiChoice"":""scissors"",""result"":""Round 11 is a tie!""},{""round"":12,""playerChoice"":""rock"",""aiChoice"":""scissors"",""result"":""You won round 12!""}]"
"31GECDVAA38B9NGZYTAJYHBM6RU669","3N0UI6O13F0HJFRML48WV62VJ0UQQ0","Rock Paper Scissors?","Compete with our bot in a game of rock paper scissors","rock, paper, scissors, game, survey","$1.00","Sat May 11 16:30:15 PDT 2024","30","BatchId:5220853;OriginalHitTemplateId:928390912;","300","86400","Thu May 16 16:30:15 PDT 2024","","","3W92K5RLWF43STTFKLDO7M9CP68V5S","A1JVWXJBZHSX3V","Submitted","Sat May 11 16:35:33 PDT 2024","Sat May 11 16:36:58 PDT 2024","Sun May 12 16:36:58 PDT 2024","","","","85","0% (0/0)","0% (0/0)","0% (0/0)","[{""round"":1,""playerChoice"":""rock"",""aiChoice"":""paper"",""result"":""You lost round 1!""},{""round"":2,""playerChoice"":""rock"",""aiChoice"":""scissors"",""result"":""You won round 2!""},{""round"":3,""playerChoice"":""rock"",""aiChoice"":""rock"",""result"":""Round 3 is a tie!""},{""round"":4,""playerChoice"":""paper"",""aiChoice"":""paper"",""result"":""Round 4 is a tie!""},{""round"":5,""playerChoice"":""scissors"",""aiChoice"":""scissors"",""result"":""Round 5 is a tie!""},{""round"":6,""playerChoice"":""paper"",""aiChoice"":""rock"",""result"":""You won round 6!""},{""round"":7,""playerChoice"":""rock"",""aiChoice"":""paper"",""result"":""You lost round 7!""},{""round"":8,""playerChoice"":""paper"",""aiChoice"":""scissors"",""result"":""You lost round 8!""},{""round"":9,""playerChoice"":""paper"",""aiChoice"":""rock"",""result"":""You won round 9!""},{""round"":10,""playerChoice"":""rock"",""aiChoice"":""rock"",""result"":""Round 10 is a tie!""},{""round"":11,""playerChoice"":""paper"",""aiChoice"":""scissors"",""result"":""You lost round 11!""},{""round"":12,""playerChoice"":""scissors"",""aiChoice"":""scissors"",""result"":""Round 12 is a tie!""}]"
"31GECDVAA38B9NGZYTAJYHBM6RU669","3N0UI6O13F0HJFRML48WV62VJ0UQQ0","Rock Paper Scissors?","Compete with our bot in a game of rock paper scissors","rock, paper, scissors, game, survey","$1.00","Sat May 11 16:30:15 PDT 2024","30","BatchId:5220853;OriginalHitTemplateId:928390912;","300","86400","Thu May 16 16:30:15 PDT 2024","","","3X4MXAO0B1B5C5RI72VNWPXMOXZWRH","A2EELIDU9CQJJG","Submitted","Sat May 11 16:30:18 PDT 2024","Sat May 11 16:31:44 PDT 2024","Sun May 12 16:31:44 PDT 2024","","","","86","0% (0/0)","0% (0/0)","0% (0/0)","[{""round"":1,""playerChoice"":""paper"",""aiChoice"":""paper"",""result"":""Round 1 is a tie!""},{""round"":2,""playerChoice"":""paper"",""aiChoice"":""scissors"",""result"":""You lost round 2!""},{""round"":3,""playerChoice"":""scissors"",""aiChoice"":""rock"",""result"":""You lost round 3!""},{""round"":4,""playerChoice"":""scissors"",""aiChoice"":""paper"",""result"":""You won round 4!""},{""round"":5,""playerChoice"":""scissors"",""aiChoice"":""scissors"",""result"":""Round 5 is a tie!""},{""round"":6,""playerChoice"":""paper"",""aiChoice"":""rock"",""result"":""You won round 6!""},{""round"":7,""playerChoice"":""rock"",""aiChoice"":""paper"",""result"":""You lost round 7!""},{""round"":8,""playerChoice"":""paper"",""aiChoice"":""scissors"",""result"":""You lost round 8!""},{""round"":9,""playerChoice"":""scissors"",""aiChoice"":""rock"",""result"":""You lost round 9!""},{""round"":10,""playerChoice"":""rock"",""aiChoice"":""paper"",""result"":""You lost round 10!""},{""round"":11,""playerChoice"":""paper"",""aiChoice"":""paper"",""result"":""Round 11 is a tie!""},{""round"":12,""playerChoice"":""paper"",""aiChoice"":""paper"",""result"":""Round 12 is a tie!""}]"
"31GECDVAA38B9NGZYTAJYHBM6RU669","3N0UI6O13F0HJFRML48WV62VJ0UQQ0","Rock Paper Scissors?","Compete with our bot in a game of rock paper scissors","rock, paper, scissors, game, survey","$1.00","Sat May 11 16:30:15 PDT 2024","30","BatchId:5220853;OriginalHitTemplateId:928390912;","300","86400","Thu May 16 16:30:15 PDT 2024","","","3XXU1SWE87IK5Y4GCKGGU4Z8NOX0AC","A3AP9VARTGQH3T","Submitted","Sat May 11 16:30:19 PDT 2024","Sat May 11 16:31:45 PDT 2024","Sun May 12 16:31:45 PDT 2024","","","","86","0% (0/0)","0% (0/0)","0% (0/0)","[{""round"":1,""playerChoice"":""rock"",""aiChoice"":""paper"",""result"":""You lost round 1!""},{""round"":2,""playerChoice"":""paper"",""aiChoice"":""scissors"",""result"":""You lost round 2!""},{""round"":3,""playerChoice"":""scissors"",""aiChoice"":""rock"",""result"":""You lost round 3!""},{""round"":4,""playerChoice"":""rock"",""aiChoice"":""paper"",""result"":""You lost round 4!""},{""round"":5,""playerChoice"":""paper"",""aiChoice"":""scissors"",""result"":""You lost round 5!""},{""round"":6,""playerChoice"":""scissors"",""aiChoice"":""rock"",""result"":""You lost round 6!""},{""round"":7,""playerChoice"":""paper"",""aiChoice"":""paper"",""result"":""Round 7 is a tie!""},{""round"":8,""playerChoice"":""rock"",""aiChoice"":""scissors"",""result"":""You won round 8!""},{""round"":9,""playerChoice"":""rock"",""aiChoice"":""rock"",""result"":""Round 9 is a tie!""},{""round"":10,""playerChoice"":""paper"",""aiChoice"":""scissors"",""result"":""You lost round 10!""},{""round"":11,""playerChoice"":""scissors"",""aiChoice"":""paper"",""result"":""You won round 11!""},{""round"":12,""playerChoice"":""paper"",""aiChoice"":""scissors"",""result"":""You lost round 12!""}]"
"31GECDVAA38B9NGZYTAJYHBM6RU669","3N0UI6O13F0HJFRML48WV62VJ0UQQ0","Rock Paper Scissors?","Compete with our bot in a game of rock paper scissors","rock, paper, scissors, game, survey","$1.00","Sat May 11 16:30:15 PDT 2024","30","BatchId:5220853;OriginalHitTemplateId:928390912;","300","86400","Thu May 16 16:30:15 PDT 2024","","","3ZQIG0FLQZ3X5C8ZGM0XXMMP93CWVA","A1PUPL1NNFHS2P","Submitted","Sat May 11 16:35:43 PDT 2024","Sat May 11 16:37:21 PDT 2024","Sun May 12 16:37:21 PDT 2024","","","","98","0% (0/0)","0% (0/0)","0% (0/0)","[{""round"":1,""playerChoice"":""rock"",""aiChoice"":""paper"",""result"":""You lost round 1!""},{""round"":2,""playerChoice"":""rock"",""aiChoice"":""scissors"",""result"":""You won round 2!""},{""round"":3,""playerChoice"":""rock"",""aiChoice"":""rock"",""result"":""Round 3 is a tie!""},{""round"":4,""playerChoice"":""paper"",""aiChoice"":""paper"",""result"":""Round 4 is a tie!""},{""round"":5,""playerChoice"":""rock"",""aiChoice"":""scissors"",""result"":""You won round 5!""},{""round"":6,""playerChoice"":""scissors"",""aiChoice"":""rock"",""result"":""You lost round 6!""},{""round"":7,""playerChoice"":""paper"",""aiChoice"":""paper"",""result"":""Round 7 is a tie!""},{""round"":8,""playerChoice"":""rock"",""aiChoice"":""scissors"",""result"":""You won round 8!""},{""round"":9,""playerChoice"":""paper"",""aiChoice"":""rock"",""result"":""You won round 9!""},{""round"":10,""playerChoice"":""scissors"",""aiChoice"":""scissors"",""result"":""Round 10 is a tie!""},{""round"":11,""playerChoice"":""paper"",""aiChoice"":""scissors"",""result"":""You lost round 11!""},{""round"":12,""playerChoice"":""rock"",""aiChoice"":""rock"",""result"":""Round 12 is a tie!""}]"